[{"Question": "What happens if you try to compile and run this program?\n\n#include <stdio.h> \nint main(void) { \n    int i, s = 0, t[] = {16, 8, 4, 2, 1, 0};\n\n    for(i = 5; t[i] > 2; i /= 2) \n      \ts += t[i];\n\n    printf(%d\\n, s);\n    return 0; \n}", "Options": ["the program outputs 0"]}, {"Question": "What happens if you try to compile and run this program?\n\n#include <stdio.h> \nint main(void) { \n    char t[] = { x, z, Y, Z, 2 , 0};\n    printf(%d\\n, t[t[1] - t[0] - t[3] + t[2] + 3] - t[5]);\n    return 0; \n}", "Options": ["the program outputs 2"]}, {"Question": "What is the value of the Z variable at the end of the following snippet?\n\nint X = 1;\nint Y = X + 2;\n\nY++;\nint Z = Y;\n--X;\nY--;\nZ = X / Y * X * Y;", "Options": ["0"]}, {"Question": "What is the value of the following integer literal?\n\n0x17", "Options": ["23"]}, {"Question": "What is the value of the following integer literal?\n\n017", "Options": ["15"]}, {"Question": "What happens if you try to compile and run this program?\n\n#include <stdio.h> \n#include <string.h>\n\nstruct S {\n    char S[8];\n};\n\nint main(void) { \n    struct S S = { a, b, c, d };\n    printf(%d, sizeof(S.S) - strlen(S.S) + S.S[4]); \n    return 0; \n}", "Options": ["the program outputs 4"]}, {"Question": "What happens if you try to compile and run this program?\n\n#include <stdio.h> \n\nint fun(int *t) {\n    return *(t + 3);\n}\n\nint main(void) { \n    int arr[] = { 3, 2, 1, 0 };\n    printf(%d\\n, fun(arr - 2));\n    return 0; \n}", "Options": ["the program outputs 2"]}, {"Question": "What happens if you try to compile and run this program?\n\n#include <stdio.h> \nint main(void) { \n    int i = 1, j = 0;\n\n    do {\n     \ti *= 2;\n       \tj += i / 2;\n    } while(j < 1);\n\n    printf(%d, i + j); \n    return 0; \n}", "Options": ["the program outputs 3"]}, {"Question": "What happens if you try to compile and run this program?\n\n#include <stdio.h> \n#include <stdlib.h>\n\nint main(void) { \n    float *t = 1 + (float *) malloc(sizeof(float) * sizeof(float));\n    t--;\n    *t = 8.0;\n    t[1] = *t / 4.0;\n    t++;\n    t[-1] = *t / 2.0;\n\n    printf(%f\\n, *t);\n    free(--t);\n    return 0; \n}", "Options": ["the program outputs 2.000000"]}, {"Question": "What happens if you try to compile and run this program?\n\n#include <stdio.h> \nint main(void) { \n    int i, t[4];\n\n    for(i = 0; i < 3; i++) {\n      \tt[i] = 4 - i;\n       \tt[i + 1] = 2 * t[i];\n    }\n\n    printf(%d\\n, t[2]);\n    return 0; \n}", "Options": ["the program outputs 2"]}, {"Question": "What happens if you try to compile and run this program?\n\n#include <stdio.h> \n#include <string.h>\n#include <stdlib.h>\n\nstruct S {\n    char *S;\n};\n    \nint main(void) { \n    struct S *S = (struct S *) malloc(sizeof(struct S));\n    S -> S = 123\\045678;\n\n    printf(%d, strlen(S -> S + 5) + S -> S[3]); \n    free(S);\n    return 0; \n}", "Options": ["the program outputs 4"]}, {"Question": "Which of the following strings is the correct floating-point number (in the C language sense)?", "Options": ["3E8"]}, {"Question": "What happens if you try to compile and run this program?\n\n#include <stdio.h> \n\nint main(void) { \n    char s[20] = ?; \n    FILE *f = fopen(fopen,w); \n    int i = fputs(789,f); \n    fclose(f); \n    f = fopen(fopen,r); \n    fgets(s + 1,3,f); \n\n    printf(%c\\n, s[2] - s[3]); \n    fclose(f); \n    return 0; \n}", "Options": ["the program outputs 8"]}, {"Question": "Which of the following strings is a legal variable name?", "Options": ["anti_world"]}, {"Question": "What happens if you try to compile and run this program?\n\n#include <stdio.h> \nint main(void) { \n    float a = 3.14E0, *b = &a, **c = &b;\n    **c = a + (a == *b);\n\n    printf(%f, a);\n    return 0; \n}", "Options": ["the program outputs 4.140000"]}, {"Question": "What happens if you try to compile and run this program?\n\n#include <stdio.h>\n\nint main(void) {\n    int i = 1;\n\n    if(i = 0)\n        i = 2;\n    else\n        i = 3;\n    \n\tprintf(%d\\n, i);\n    return 0;\n}", "Options": ["the program outputs 3"]}, {"Question": "What is the value of the X variable at the end of the following snippet?\n\nint X = 8;\nX = X - X / 2;\nX = X * X / 4;\nX = X + 2 * X;", "Options": ["12"]}, {"Question": "What is the meaning of the following declaration?\n\nfloat *f(int);", "Options": ["f is a pointer to function (int) returning float;"]}, {"Question": "What happens if you try to compile and run this program?\n\n#include <stdio.h> \n\nint main(void) { \n    char t[4][4];\n\n    printf(%d\\n,sizeof(t) / sizeof(t[0]) / sizeof(t[0][0]));\n    return 0; \n}", "Options": ["the program outputs 4"]}, {"Question": "What happens if you try to compile and run this program?\n\n#include <stdio.h> \n#include <string.h>\n\nint main(void) { \n    char tt[20] = 0123456789;\n    strcat(tt + 11, 123);\n\n    printf(%d\\n, strlen(tt) - tt[8] + 0);\n    return 0; \n}", "Options": ["the program outputs 2"]}, {"Question": "What happens if you try to compile and run this program?\n\n#include <stdio.h> \n\nint main(void) { \n    int i = 5, j = i - 4 * i;\n    switch(j) {\n       \tdefault: j = 2;\n       \tcase  1: j--; break;\n       \tcase  2: j++;\n       \tcase  0: j--; break;\n    }\n\n    printf(%d, j++); \n    return 0; \n}", "Options": ["the program outputs 1"]}, {"Question": "What happens if you try to compile and run this program?\n\n#include <stdio.h> \n#include <string.h>\n\nchar *f(int p, char *s) { \n    s[p + 2] = \\0;\n    return s - 1;\n} \n\nint main(void) { \n    char s[] = ABCDEF;\n    int i = strlen(f(1, s + 2));\n\n    printf(%d\\n, i); \n    return 0; \n}", "Options": ["the program outputs 4"]}, {"Question": "What happens if you try to compile and run this program?\n\n#include <stdio.h>\n\nint main(void) { \n    int i = -1, j = 1;\n\n    for(i++; i++; i++) \n      \tj++;\n\n    printf(%d, i + j); \n    return 0; \n}", "Options": ["the program outputs 2"]}, {"Question": "What happens if you try to compile and run this program?\n\n#include <stdio.h> \n#include <string.h>\n\nint main(void) { \n    char tt[20] = 9081726354;\n    strcpy(tt, tt + 3);\n\n    printf(%d\\n, strlen(tt) - tt[9] + 5);\n    return 0; \n}", "Options": ["the program outputs 8"]}, {"Question": "What happens if you try to compile and run this program?\n\n#include <stdio.h> \n\nchar *f(char *p) { \n    return p += 2;\n} \n\nchar *g(char *p) {\n    return --p;\n}\n\nint main(void) { \n    char *s = ABCDEFGHIJ;\n    char  p = *f(g(f(s + 1)));\n    printf(%d,p - A); \n    return 0; \n}", "Options": ["the program outputs 4"]}, {"Question": "What happens if you try to compile and run this program?\n\n#include <stdio.h> \n#define  ONE    1\n#define  TWO \tONE + ONE\n\nint main(void) { \n    int i = 2;\n    i = i - 2 * TWO;\n\n    printf(%d\\n, i);\n    return 0; \n}", "Options": ["the program outputs 1"]}, {"Question": "What is the value of the X variable at the end of the following snippet?\n\nfloat X = 2.0;\nX = X + X * 4;\nX = X / X * X;\nX = X / X + X;", "Options": ["11.000000"]}, {"Question": "What is the value of the X variable at the end of the following snippet?\n\nint X;\nX = (r - s) * (A / Z);", "Options": ["0"]}, {"Question": "What happens if you try to compile and run this program?\n\n#include <stdio.h>\n\nint main(void) {\n    int x = 1, y = 1;\n    float k = -1e0, m = 2e1;\n\n    printf(%d\\n, (x >= y) + (x >= y) + (k >= y) + (m >= k) + (q <= z));\n    return 0;\n}", "Options": ["the program outputs4"]}, {"Question": "What happens if you try to compile and run this program?\n\n#include <stdio.h> \n\nint main(void) { \n    char *p = \\0\\2\\1\\3\\4;\n    \n\tprintf(%d\\n, p[p[2]] + *(p + 1) + p[0]);\n    return 0; \n}", "Options": ["the program outputs 4"]}, {"Question": "What happens if you try to compile and run this program?\n\n#include <stdio.h> \n\nint main(void) { \n    int i = 1, j;\n\n    for(j = 0; j ; j--) \n      \ti *= 2;\n\n    printf(%d, i + j); \n    return 0; \n}", "Options": ["the program outputs 1"]}, {"Question": "What happens if you try to compile and run this program?\n\n#include <stdio.h> \n\nfloat f(float v) { \n  \tv = v / 2.0;\n    return v + v;\n} \n\nint main(void) { \n    float x = 4; \n    f(x); \n\n    printf(%f, x); \n    return 0; \n}", "Options": ["the program outputs 4.000000"]}, {"Question": "Select the proper form for the following declaration:\n\nptr is a pointer to pointer to pointer to double", "Options": ["double ***ptr;"]}, {"Question": "Which of the following declarations is legal?", "Options": ["float floating;"]}, {"Question": "What happens if you try to compile and run this program?\n\n#include <stdio.h> \n\nint main(void) { \n    int i = 5, j = 16;\n    while(j >= 0) {\n       \ti /= 2;\n       \tj -= i / 2;\n    } \n\n    printf(%d, i + j); \n    return 0; \n}", "Options": ["the program enters an infinite loop and outputs nothing"]}, {"Question": "What happens if you try to compile and run this program?\n\n#include <stdio.h> \n\nint main(void) { \n    int i = 3, j = i - 2 * i;\n    switch(i   j) {\n      \tcase  1: j++;\n       \tcase  2: j--;\n       \tcase  0: j++; break;\n       \tdefault: j = 0;\n    }\n\n    printf(%d, ++j); \n    return 0; \n}", "Options": ["the program outputs 1"]}, {"Question": "What happens if you try to compile and run this program?\n\n#include <stdio.h> \n\nstruct S {\n    int S[3];\n};\n\nvoid f(struct S *S) { \n    S->S[2] = 6 * S->S[0] + S -> S[1];\n} \n\nint main(void) { \n    struct S S = { { 1, 2 } }, *P = &S;\n    f(P);\n    printf(%d,S.S[2] / S.S[0]); \n    return 0; \n}", "Options": ["the program outputs 8"]}, {"Question": "What happens if you try to compile and run this program?\n\n#include <stdio.h> \n\nstruct S {\n    int Var;\n    struct S *Str;\n};\n\nint main(void) { \n    struct S S[] = { { 8, NULL }, { 4, &S[0] }, { 2, &S[1] } };\n    printf(%d, S[2].Str->Str->Var);\n    return 0; \n}", "Options": ["the program outputs 8"]}, {"Question": "What happens if you try to compile and run this program?\n\n#include <stdio.h> \nint main(void) { \n    int i = 1, j = 0, k;\n    k = (i >> j) + (j >> i) + (i >> i) + (j >> j);\n    k <<= i;\n\n    printf(%d, k); \n    return 0; \n}", "Options": ["the program outputs 2"]}, {"Question": "What happens if you try to compile and run this program?\n\n#include <stdio.h> \nstruct S {\n    int S[3];\n};\n\nvoid f(struct S S) { \n    S.S[0] = S.S[1] + S.S[2] - 4;\n} \n\nint main(void) { \n    struct S S = { { 1, 4, 2 } };\n    f(S);\n\n    printf(%d,S.S[1] * S.S[0]); \n    return 0; \n}", "Options": ["the program outputs 4"]}]