[{"Question": "What happens if you try to compile and run this program?\n\n#include <stdio.h> \n\nint main(void) { \n    char a = A, *b = &a, **c = &b;\n    **c = a + (a == *b);\n\n    printf(%c, a);\n    return 0; \n}", "Options": ["the program outputs B"]}, {"Question": "What happens if you try to compile and run this program?\n\n#include <stdio.h> \nint main(void) { \n    int i = 1, j = 0, k;\n    \n\tk = (i & j) + (i | j) + (i ^ j) + !i + j;\n    \n\tprintf(%d, k); \n    return 0; \n}", "Options": ["the program outputs 2"]}, {"Question": "What happens if you try to compile and run this program?\n\n#include <stdio.h> \n\nint main(void) { \n    int i, t[4];\n\n    for(i = 3; i; i--) {\n      \tt[i] = i - 1;\n       \tt[t[i]] = t[i];\n    }\n    \n\tprintf(%d\\n, t[0]);\n    return 0; \n}", "Options": ["the program outputs 0"]}, {"Question": "What is the meaning of the following declaration?\n\nvoid (*f)(int);", "Options": ["f is a pointer to function (int) returning void;"]}, {"Question": "Which of the following declarations is valid?", "Options": ["int longint;"]}, {"Question": "What happens if you try to compile and run this program?\n\n#include <stdio.h> \n\nint fun(int *t) {\n    return *(++t);\n}\n\nint main(void) { \n    int arr[] = { 8, 4, 2, 1 };\n\n    printf(%d\\n, fun(arr + 2));\n    return 0; \n}", "Options": ["the program outputs 1"]}, {"Question": "What happens if you try to compile and run this program?\n\n#include <stdio.h> \n#include <string.h>\n\nint main(void) { \n    char tt[20] = 0123456789;\n    strcpy(tt, tt + 2);\n\n    printf(%d\\n, strlen(tt) - tt[9] + 5);\n    return 0; \n}", "Options": ["the program outputs 4"]}, {"Question": "What happens if you try to compile and run this program?\n\n#include <stdio.h> \n\nint main(void) { \n    int i = 1, j = i + 2 * i;\n    switch(j) {\n        default: j = 0;\n        case  1: j++; break;\n        case  2: j--;\n        case  0: j++; break;\n    }\n    \n\tprintf(%d, ++j); \n    return 0; \n}", "Options": ["the program outputs 2"]}, {"Question": "What happens if you try to compile and run this program?\n\n#include <stdio.h> \n\nchar *f(char *p) { \n    return p++;\n} \n\nchar *g(char *p) {\n    return p += 2;\n}\n\nint main(void) { \n    char *s = ABCDEFGHIJ;\n    char  p = *f(g(f(s + 6)));\n\n    printf(%d, p - A); \n    return 0; \n}", "Options": ["the program outputs 8"]}, {"Question": "What happens if you try to compile and run this program?\n\n#include <stdio.h> \n\nstruct S {\n    int Var;\n    struct S *Str;\n};\n\nint main(void) { \n    struct S S[] = { { 8, NULL }, { 4, &S[0] }, { 2, &S[1] } };\n    printf(%d, S[2].Str->Str->Var);\n    return 0; \n}", "Options": ["the program outputs 8"]}, {"Question": "What happens if you try to compile and run this program?\n\n#include <stdio.h> \n\nint main(void) { \n    int i = 1, j = i + 2 * i;\n\n    switch(j - i) {\n        case  1: j++;\n        case  2: j--;\n        case  0: j++; break;\n        default: j = 0;\n    }\n    \n\tprintf(%d, ++j); \n    return 0; \n}", "Options": ["the program outputs 4"]}, {"Question": "What happens if you try to compile and run this program?\n\n#include <stdio.h> \n\nint main(void) { \n    char t[] = { a, z, B, Z, 0 };\n\n    printf(%d\\n, t[t[1] - t[0] - t[3] + t[2] + 3] - t[4]);\n    return 0; \n}", "Options": ["the program outputs 0"]}, {"Question": "What is the value of the following floating-point literal?\n\n-1E-1", "Options": ["-0.1"]}, {"Question": "What is the value of the following integer literal?\n\n0x12", "Options": ["18"]}, {"Question": "What is the value of the following integer literal?\n\n012", "Options": ["10"]}, {"Question": "What is the value of the x variable at the end of the following snippet?\n\nint x = 1;\n\nx = x * x + 2;\nx = x / x * 2;\nx = x + 2 + x;", "Options": ["6"]}, {"Question": "What happens if you try to compile and run this program?\n\n#include <stdio.h> \n\nint main(void) { \n    char  *t1 [10]; \n    char (*t2)[10]; \n\n    printf(%d,(sizeof(t1) == sizeof(t2)) + sizeof(t1[0])); \n    return 0; \n}", "Options": ["the program outputs 4"]}, {"Question": "What is the value of the x variable at the end of the following snippet?\n\nint x = 1, y = 2, z;\nz = x / y * --x * y++;", "Options": ["0"]}, {"Question": "Which of the following strings is a legal floating-point number (in the C language sense)?", "Options": ["3.1415E92"]}, {"Question": "What is the value of the x variable at the end of the following snippet?\n\nint x;\nx = b - a * (\\ / \\);", "Options": ["the snippet is invalid and will cause compilation error"]}, {"Question": "Select the proper form for the following declaration:\n\nptr is a pointer to pointer to void", "Options": ["void **ptr;"]}, {"Question": "What happens if you try to compile and run this program?\n\n#include <stdio.h> \n\nint main(void) { \n    int i, t[4];\n\n    for(i = 0; i < 3; i++) {\n        t[i] = i;\n        t[i + 1] = 2 * t[i];\n    }\n    \n\tprintf(%d\\n, t[3]);\n    return 0; \n}", "Options": ["the program outputs 4"]}, {"Question": "What happens if you try to compile and run this program?\n\n#include <stdio.h> \n\nint main(void) { \n    float x = 3.0, y = 2.0; \n    int i = 1, j = 2; \n    x = (int)x / y + (float)i / j; \n\n    printf(%f, x); \n    return 0; \n}", "Options": ["the program outputs 2.000000"]}, {"Question": "Which of the following is are legal variable names?", "Options": ["_R2D2_", "R2D2", "_2R2D_"]}, {"Question": "What happens if you try to compile and run this program?\n\n#include <stdio.h> \n#include <stdlib.h>\n\nint main(void) { \n    int *t = (int *) malloc(sizeof(int) + sizeof(int));\n    t++;\n    *t = 8;\n    t[ 1] = *t / 2;\n    t--;\n    t[1] = *t / 2;\n\n    printf(%d\\n, *t);\n    free(t);\n    return 0; \n}", "Options": ["the program outputs 4"]}, {"Question": "What happens if you try to compile and run this program?\n\n#include <stdio.h> \n#define  ABC    10\n#define  XYZ \tABC - 1\n\nint main(void) { \n    int i = 19;\n    i = i - XYZ;\n\n    printf(%d\\n, i);\n    return 0; \n}", "Options": ["the program outputs 8"]}, {"Question": "What happens if you try to compile and run this program?\n\n#include <stdio.h> \n\nint main(void) { \n    int i = 16, j = 6;\n    while(j > 0) {\n        i /= 2;\n        j -= i / 2;\n    } \n    \n\tprintf(%d, i + j); \n    return 0; \n}", "Options": ["the program outputs 4"]}, {"Question": "Which of the following strings is a legal variable name?", "Options": ["Alpha_Omega"]}, {"Question": "What happens if you try to compile and run this program?\n\n#include <stdio.h> \n\nint main(void) { \n    int t[4] = { 0, -1, -2, -3 }, *p = t + 3;\n\n    printf(%d\\n, p[*p] - t[2]);\n    return 0; \n}", "Options": ["the program outputs 2"]}, {"Question": "Which of the following is a valid integer number (in the C language sense)?", "Options": ["3141592"]}, {"Question": "What happens if you try to compile and run this program?\n\n#include <stdio.h> \n#include <string.h>\n\nint main(void) { \n    char tt[20] = 0123456789;\n    strcat(tt + 2, 987);\n\n    printf(%d\\n, strlen(tt) - tt[5] + 0);\n    return 0; \n}", "Options": ["the program outputs 8"]}, {"Question": "What happens if you try to compile and run this program?\n\n#include <stdio.h> \n\nint fun(int t) {\n    return ++t;\n}\n\nint main(void) { \n    int arr[] = { 8, 4, 2, 1 };\n\n    printf(%d\\n, fun(arr[3]) + arr[2]);\n    return 0; \n}", "Options": ["the program outputs 4"]}, {"Question": "What happens if you try to compile and run this program?\n\n#include <stdio.h> \n\nint main(void) { \n    int i = 16, j = 8;\n    do {\n        i /= 2;\n        j  = i / 2;\n    } while(j > 0);\n    \n\tprintf(%d, i + j); \n    return 0; \n}", "Options": ["the program enters an infinite loop and outputs nothing"]}, {"Question": "What happens if you try to compile and run this program?\n\n#include <stdio.h>\nint main(void) {\n\n    int a = -1, b = 1;\n    float i = 2.0, j = -2.0;\n\n    printf(%d\\n, (a > b) + (b > a) + (i > j) + (j > i) + (z > a));\n    return 0;\n}", "Options": ["the program outputs 3"]}, {"Question": "What happens if you try to compile and run this program?\n\n#include <stdio.h> \n#include <string.h>\n\nstruct S {\n    char S[4];\n};\n\nint main(void) { \n    struct S S = { a, b };\n\n    printf(%d, sizeof(S.S) - strlen(S.S) + S.S[3]); \n    return 0; \n}", "Options": ["the program outputs 2"]}, {"Question": "What happens if you try to compile and run this program?\n\n#include <stdio.h> \n#include <string.h>\n\nchar *f(int p, char *s) { \n    s[p + 1] = \\0;\n    return s + 1;\n} \n\nint main(void) { \n    char s[] = ABCDEF;\n    int i = strlen(f(1, s + 2));\n\n    printf(%d\\n, i); \n    return 0; \n}", "Options": ["the program outputs 1"]}, {"Question": "What happens if you try to compile and run this program?\n\n#include <stdio.h> \n\nint f(int v) { \n   \tv = 2 * v;\n    return v * v;\n} \n\nint main(void) { \n    int i = 2; \n    f(i); \n\n    printf(%d,i); \n    return 0; \n}", "Options": ["the program outputs 2"]}, {"Question": "What happens if you try to compile and run this program?\n\n#include <stdio.h> \n\nint main(void) { \n    int i = 2, j;\n    \n\tfor(j = 0; j < 0; j -= i) \n        i /= 2;\n    \n\tprintf(%d, i + j); \n    return 0; \n}", "Options": ["the program outputs 2"]}, {"Question": "What happens if you try to compile and run this program?\n\n#include <stdio.h>\nint main(void) {\n\n    int i = 0;\n    if(i = 1)\n        i = 2;\n    else\n        i = 3;\n    \n\tprintf(%d\\n, i);\n    return 0;\n}", "Options": ["the program outputs 2"]}, {"Question": "What happens if you try to compile and run this program?\n\n#include <stdio.h> \n\nint main(void) { \n    int i = 1, j = 0, k;\n\n    k = (i << j) + (j << i) + (i << i) + (j << j);\n    k >>= i;\n\n    printf(%d, k); \n    return 0; \n}", "Options": ["the program outputs 1"]}, {"Question": "What happens if you try to compile and run this program?\n\n#include <stdio.h> \n\nint main(void) { \n    int i, s = 0, t[] = {0, 1, 2, 4, 8, 16};\n\n    for(i = 2; t[i] < 8; i *= 2) \n        s += t[i];\n    \n\tprintf(%d\\n, s);\n    return 0; \n}", "Options": ["the program outputs 2"]}, {"Question": "What happens if you try to compile and run this program?\n\n#include <stdio.h> \n#include <string.h>\n#include <stdlib.h>\n\nstruct S {\n    char *S;\n};\n   \nint main(void) { \n    struct S *S = (struct S *) malloc(sizeof(struct S));\n    S -> S = abc;\n\n    printf(%d, strlen(S -> S + 2) + S -> S[3]); \n    free(S);\n    return 0; \n}", "Options": ["the program outputs 1"]}, {"Question": "What happens if you try to compile and run this program?\n\n#include <stdio.h> \n\nint main(void) { \n    char s[20]; \n    FILE *f = fopen(data, w); \n    int i = fputs(1248, f); \n    fclose(f); \n    f = fopen(data, r); \n    fgets(s + 2, 4, f); \n    putchar(s[4]); \n    fclose(f); \n    return 0; \n}", "Options": ["the program outputs 4"]}, {"Question": "What happens if you try to compile and run this program?\n\n#include <stdio.h> \n\nint main(void) { \n    int i = 5, j = 4;\n\n    for(i--; i--; i--) \n      \tj--;\n\n    printf(%d, i + j); \n    return 0; \n}", "Options": ["the program outputs 1"]}, {"Question": "What happens if you try to compile and run this program?\n\n#include <stdio.h> \n\nstruct S {\n    int S[2];\n};\n\nvoid f(struct S *S) { \n    S->S[1] = S->S[0] + 2;\n} \n\nint main(void) { \n    struct S S = { { 4, 8 } }, *P = &S;\n    f(P);\n    printf(%d,S.S[1] / S.S[0]); \n    return 0; \n}", "Options": ["the program outputs 1"]}, {"Question": "What happens if you try to compile and run this program?\n\n#include <stdio.h> \n\nint f(int t[][2]) { \n    return t[0][0] + t[0][1]; \n} \n\nint main(void) { \n    int i, t[2][2] = { {0,4},{4,2} }; \n    i = f(t); \n\n    printf(%d, i); \n    return 0; \n}", "Options": ["the program outputs 4"]}, {"Question": "What happens if you try to compile and run this program?\n\n#include <stdio.h> \n\nint main(void) { \n    int t[4][4];\n\n    printf(%d\\n,sizeof(t) / sizeof(t[0]) / sizeof(t[0][0]));\n    return 0; \n}", "Options": ["the program outputs 1"]}, {"Question": "What is the value of the x variable at the end of the following snippet?\n\nint x = 1;\n\nx = x + 2 * x;\nx = x / 2 * x;\nx = x + 2 + x;", "Options": ["8"]}, {"Question": "What happens if you try to compile and run this program?\n\n#include <stdio.h> \n\nstruct S {\n    int S[2];\n};\n\nvoid f(struct S S) { \n    S.S[0] = S.S[1] + 4;\n} \n\nint main(void) { \n    struct S S = { { 4, 8 } };\n    f(S);\n\n    printf(%d,S.S[1] / S.S[0]); \n    return 0; \n}", "Options": ["the program outputs 2"]}, {"Question": "What happens if you try to compile and run this program?\n\n#include <stdio.h> \n\nint main(void) { \n    char *p = \\0\\4\\1\\3\\2;\n\n    printf(%d\\n, p[p[1]] + *(p + 1) + p[4]);\n    return 0; \n}", "Options": ["the program outputs 8"]}]