[{"Question": "What is the decimal value of the following integer literal?\n\n0x8", "Options": ["8"]}, {"Question": "What is the value of the following floating‑point literal?\n\n8765E‑2", "Options": ["87.65"]}, {"Question": "What is the decimal value of the following integer literal?\n\n08", "Options": ["the literal is invalid"]}, {"Question": "Which of the following identifiers is an invalid variable name?", "Options": ["0_"]}, {"Question": "Which line of code must you insert in order for the program to produce the expected output?\n\n\nExpected output:\n1\n\n\nCode:\n#include <stdio.h>\n\nint main()\n{\n\tvar = 1;\n\n\tprintf(%d \\n, var);\n\treturn 0;\n}", "Options": ["int var;\nplaced above var = 1;"]}, {"Question": "What is the value of the x variable at the end of the following snippet?\n\nint x;\nx = 1 / 2;", "Options": ["0"]}, {"Question": "What is the value of the k variable at the end of the following snippet?\n\nint i, j, k; \n    \ni = 4; \nj = 5;\n\nk = i-- * ++j;", "Options": ["24"]}, {"Question": "What is the value of the k variable at the end of the following snippet?\n\nint i, j, k; \n    \ni = 3; \nj = ‑3; \n\nk = (i >= i) + (j <= j) + (i == j) + (i > j);", "Options": ["3"]}, {"Question": "What is the value of the x variable at the end of the following snippet?\n\nint x;\nx = 1 / 2 * 3;\n/* */", "Options": ["0"]}, {"Question": "Which of the following is a proper integer number (in the C language sense)?", "Options": ["123456"]}, {"Question": "What is the value of the x variable at the end of the following snippet?\n\nfloat x;\nx = 1. / 2 * 3;\n/***", "Options": ["1.5"]}, {"Question": "Which of the following identifiers is a valid variable name?", "Options": ["Monte_Carlo"]}, {"Question": "What is the value of the var variable at the end of the following snippet?\n\nint var;\nvar = 2;\nvar = var * var;\nvar = var + var;\nvar = var / var;\nvar = var % var;", "Options": ["0"]}, {"Question": "What is the value of the c variable at the end of the following snippet?\n\nchar c;\n    \nc = a;\nc ‑=  ;", "Options": ["A"]}, {"Question": "What is the value of the k variable at the end of the following snippet?\n\nint i, j, k; \n    \ni = 4; \nj = 5;\n\nk = --i * j++;", "Options": ["15"]}, {"Question": "What is the value of the k variable at the end of the following snippet?\n\nint i, j, k; \n    \ni = 3; \nj = ‑3; \n\nk = i * j; \nk += j; \nk /= i;", "Options": ["-4"]}, {"Question": "What is the value of the var variable at the end of the following snippet?\n\nint var;\nvar = 2;\nvar = var * var;\nvar = var + var;\n /*\nvar = var / var;\nvar = var % var;\n  */", "Options": ["8"]}, {"Question": "Is the following declaration valid?\n\nint var, var;", "Options": ["No"]}, {"Question": "What happens if you try to compile and run this program?\n\n#include <stdio.h> \n\nint main(void)\n{ \n    int i, j, k; \n    \n\ti = 2; \n    j = ‑2; \n    \n\tif(i) \n      \ti‑‑; \n    if(j) \n       \tj++; \n    k = i * j; \n    \n\tprintf(%d,k); \n    return 0; \n}", "Options": ["-1"]}, {"Question": "What is the value of the c variable at the end of the following snippet?\n\nchar c;\nc = \\;", "Options": ["the assignment is invalid and causes a compilation error"]}]