[{"Question": "What happens if you try to compile and run this program?\n\n#include <stdio.h>\n\nint main(void) \n{ \n    int i = 1, j = -2, k; \n    \n\tk = (i >= 0) && (j >= 00) || (i <= 0) && (j <= 0); \n    \n\tprintf(%d,k); \n    return 0; \n}", "Options": ["the program outputs 0"]}, {"Question": "What happens if you try to compile and run this program?\n\n#include <stdio.h>\n\nint main(void)\n{ \n    int i = 1, j = 0, k; \n    k = !i | j; \n    k = !k; \n\n    printf(%d,k); \n    return 0; \n}", "Options": ["the program outputs 1"]}, {"Question": "What happens if you try to compile and run this program?\n\n#include <stdio.h>\n\nint main(void) \n{ \n    int i, j; \n    i = 1; j = 1; \n\n    while(i < 16) { \n      \ti += 4; \n       \tj++; \n    } \n\n    printf(%d,j); \n    return 0; \n}", "Options": ["the program outputs 5"]}, {"Question": "What happens if you try to compile and run this program?\n\n#include <stdio.h>\n\nint main(void) \n{ \n    int i = 1, j = 0, k; \n    \n\tk = (i ^ j) + (!i ^ j) + (i ^ !j) + (!i ^ !j); \n    \n\tprintf(%d,k); \n    return 0; \n}", "Options": ["the program outputs 2"]}, {"Question": "What is the value of the var variable at the end of the following snippet?\n\n#include <stdio.h>\n\nint main(void) \n{ \n    int i;\n\t\n\ti = 1; \n\n    while(i < 16) \n       \ti *= 2; \n    \n\tprintf(%d,i); \n    return 0; \n}", "Options": ["16"]}, {"Question": "What happens if you try to compile and run this program?\n\n#include <stdio.h>\n\nint main(void) \n{ \n    float x, y; \n    int i, j; \n\n    x = 1.5; y = 2.0; \n    i = 2; j = 4; \n    x = x * y + (float)i / j; \n\n    printf(%f,x); \n    return 0; \n}", "Options": ["the program outputs 3.500000"]}, {"Question": "What happens if you try to compile and run this program?\n\n#include <stdio.h>\n\nint main(void)\n{ \n    int i, j, k; \n\n    i = 2; \n    j = 3; \n\n    if(j) \n       \tj  ; \n    else if(i) \n       \ti++; \n    else \n      \tj++; \n    if(j) \n       \ti  ; \n    else if(j) \n       \tj++; \n    else\n\t\tj = 0; \n    \n\tk = i + j; \n    \n\tprintf(%d,k); \n    return 0; \n}", "Options": ["the program outputs 3"]}, {"Question": "What happens if you try to compile and run this program?\n\n#include <stdio.h>\n\nint main(void) \n{ \n    int i = 7, j = i - i; \n\n    while(!i) { \n       \ti /= 2; \n       \tj++; \n    } \n\n    printf(%d,j); \n    return 0; \n}", "Options": ["the program outputs 0"]}, {"Question": "What happens if you try to compile and run this program?\n\n#include <stdio.h>\n\nint main(void) \n{ \n    int i = 0, j = 1, k; \n    \n\tk = i << j + j << i; \n    printf(%d,k); \n    return 0; \n}", "Options": ["the program outputs 0"]}, {"Question": "What happens if you try to compile and run this program?\n\n#include <stdio.h>\n\nint main(void) \n{ \n    double x = -.1; \n\n    int i = x; \n\n    printf(%d,i); \n    return 0; \n}", "Options": ["the program outputs 0"]}, {"Question": "What happens if you try to compile and run this program?\n\n#include <stdio.h>\n\nint main(void) { \n    int i = 1, j = 0, k; \n\n    k = i & j; \n    k |= !!k; \n\n    printf(%d,k); \n    return 0; \n}", "Options": ["the program outputs 0"]}, {"Question": "What happens if you try to compile and run this program?\n\n#include <stdio.h>\n\nint main(void) \n{ \n    int i, j = 1; \n\n    for(i = 11; i > 0; i /= 3) \n     \tj++; \n\n    printf(%d,j); \n    return 0; \n}", "Options": ["the program outputs 4"]}, {"Question": "What happens if you try to compile and run this program?\n\n#include <stdio.h>\n\nint main(void)\n{ \n    int i, j, k; \n\n    i = -1; \n    j = 1; \n\n    if(i) \n     \tj--; \n    if(j) \n      \ti++; \n    k = i * j; \n\n    printf(%d,k); \n    return 0; \n}", "Options": ["the program outputs 0"]}, {"Question": "What happens if you try to compile and run this program?\n\n#include <stdio.h>\n\nint main(void) \n{ \n    int i = 1, j = -2, k; \n\n    k = !(i >= 0) || !(j >= 00) && !(i <= 0) || !(j <= 0); \n\n    printf(%d,k); \n    return 0; \n}", "Options": ["the program outputs 1"]}, {"Question": "What happens if you try to compile and run this program?\n\n#include <stdio.h>\n\nint main(void) \n{ \n    float x, y; \n    int i, j; \n    \n\tx = 1.5; y = 2.0; \n    i = 2; j = 3; \n    x = x * y + i / j; \n    \n\tprintf(%f,x); \n    return 0; \n}", "Options": ["the program outputs 3.000000"]}, {"Question": "What happens if you try to compile and run this program?\n\n#include <stdio.h>\n\nint main(void) \n{ \n    int i, j, k; \n    \n\ti = 0; \n    j = 0; \n    \n\tif(j) \n      \tj--; \n    else \n       \ti++; \n    if(i) \n       \ti--; \n    else \n      \tj++; \n    \n\tk = i + j; \n    \n\tprintf(%d,k); \n    return 0; \n}", "Options": ["the program outputs 0"]}, {"Question": "What happens if you try to compile and run this program?\n\n#include <stdio.h>\n\nint main(void) \n{ \n    int i = 7, j = i - i; \n\n    while(i) { \n     \ti /= 2; \n       \tj++; \n    } \n    printf(%d,j); \n    return 0; \n}", "Options": ["the program outputs 3"]}, {"Question": "What happens if you try to compile and run this program?\n\n#include <stdio.h>\n\nint main(void) \n{ \n    int i = 1, j = -2, k; \n\n    k = (i >= 0) || (j >= 00) && (i <= 0) || (j <= 0); \n\n    printf(%d,k); \n    return 0; \n}", "Options": ["the program outputs 1"]}, {"Question": "What happens if you try to compile and run this program?\n\n#include <stdio.h>\n\nint main(void) \n{ \n    int i = 1, j = -2; \n\n    for(;;) { \n      \ti *= 3; \n       \tj++; \n       \t\n\t\tif(i > 30) \n       \t\tbreak; \n    } \n\n    printf(%d,j); \n    return 0; \n}", "Options": ["the program outputs 2"]}, {"Question": "What happens if you try to compile and run this program?\n\n#include <stdio.h>\n\nint main(void) \n{ \n    int i, j = 0; \n    \n\tfor(i = 0; !i ; i++) \n      \tj++; \n    \n\tprintf(%d,j); \n    return 0; \n}", "Options": ["the program outputs 1"]}]