[{"Question": "What happens if you try to compile and run this program?\n\n#include <stdio.h> \n#include <stdio.h> \n\nint main(void) \n{ \n    int i = 3, j = i - 2; \n\n    switch(i + 2) { \n        case 1: j++; \n        case 2: j++; \n        default:j = 0; \n        case 0: j++; break; \n    } \n    \n\tprintf(%d,j); \n    return 0; \n}", "Options": ["the program outputs 1"]}, {"Question": "What happens if you try to compile and run this program?\n\n#include <stdio.h> \n\nint main(void) \n{ \n    int i, t[5]; \n    \n    t[0] = 0; \n\n    for(i = 1; i < 5; i++) \n      \tt[i] = t[i - 1] + i; \n\n    printf(%d,t[4]); \n    return 0; \n}", "Options": ["the program outputs 10"]}, {"Question": "What happens if you try to compile and run this program?\n\n#include <stdio.h> \n\nint main(void)\n{ \n    char s[] = \\0\\1\\2\\3\\4; \n    \n    printf(%c,A + s[3]); \n    return 0; \n}", "Options": ["the program outputs D"]}, {"Question": "What happens if you try to compile and run this program?\n\n#include <stdio.h> \n\nint main(void) \n{ \n    char t[] = { a, b, A, B }; \n    \n    printf(%d,t[1] - t[0] + t[3] - t[2]); \n    return 0; \n}", "Options": ["the program outputs 2"]}, {"Question": "What happens if you try to compile and run this program?\n\n#include <stdio.h> \n\nint main(void) \n{ \n    int i,t[4] = { 1, 2, 4, 8 }; \n    \n    for(i = 0; i < 2 ; i++) \n      \tt[i] = t[3 - i]; \n    printf(%d,t[2]); \n    return 0; \n}", "Options": ["the program outputs 1"]}, {"Question": "What happens if you try to compile and run this program?\n\n#include <stdio.h> \n\nint main(void) \n{ \n    int t[10] = { 1, 2, 3, 4, 5, 6, 7, 8, 9, 10 }, *p = t + 4; \n    \n    p += *p; \n    printf(%d, *p); \n    return 0; \n}", "Options": ["the program outputs 10"]}, {"Question": "What happens if you try to compile and run this program?\n\n#include <stdio.h> \n\nint main(void) \n{ \n    float t[5] = { 1E0, 1E1, 1E2, 1E3, 1E4 }; \n    \n    printf(%f,t[0] + t[2] + t[3]); \n    return 0; \n}", "Options": ["the program outputs 1101.000000"]}, {"Question": "What happens if you try to compile and run this program?\n\n#include <stdio.h> \n\nint main(void)\n{ \n    int i, t[5]; \n    \n    t[4] = 0; \n\n    for(i = 3; i >= 0; i--) \n      \tt[i] = t[4] * i; \n\n    printf(%d,t[0]); \n    return 0; \n}", "Options": ["the program outputs 0"]}, {"Question": "What happens if you try to compile and run this program?\n\n#include <stdio.h> \n\nint main(void) \n{ \n    int i = 1, *j = &i, **k = &j; \n    \n    printf(%d,**k); \n    return 0; \n}", "Options": ["the program outputs 1"]}, {"Question": "What happens if you try to compile and run this program?\n\n#include <stdio.h> \n\nint main(void)\n{ \n    printf(%c, ACEGIK[3] - 1); \n    return 0; \n}", "Options": ["the program outputs F"]}, {"Question": "What happens if you try to compile and run this program?\n\n#include <stdio.h> \n\nint main(void) \n{ \n    int i, t[3]; \n    \n    for(i = 2; i >=0 ; i--) \n        t[i] = i   1; \n    \n\tprintf(%d,t[1] - t[t[0] + t[2]]); \n    return 0; \n}", "Options": ["the program outputs 1"]}, {"Question": "What happens if you try to compile and run this program?\n\n#include <stdio.h> \n\nint main(void)\n{ \n    int i = 3, j = i - 2; \n\n    switch(i - 2) { \n\t\tcase 1: j++; \n\t\tcase 2: j++; \n\t\tcase 0: j++; break; \n\t\tdefault:j = 0; \n    } \n    \n\tprintf(%d,j); \n    return 0; \n}", "Options": ["the program outputs 4"]}, {"Question": "What happens if you try to compile and run this program?\n\n#include <stdio.h> \n#include <string.h> \n\nint main(void) \n{ \n    char s[10] = ABCDE; \n    \n    strcat(s + 2, ABCDE); \n    \n\tprintf(%d, s[0] - s[2]); \n    return 0; \n}", "Options": ["the program outputs -2"]}, {"Question": "What happens if you try to compile and run this program?\n\n#include <stdio.h> \n#include <string.h> \n\nint main(void) { \n    char s[10] = ABCDE; \n    \n    strcat(s + 2, ABCDE); \n\n    printf(%d, s[0] - s[2]); \n    return 0; \n}", "Options": ["the program outputs -2"]}, {"Question": "What happens if you try to compile and run this program?\n\n#include <stdio.h> \n\nint main(void) \n{ \n    int t[2]; \n    \n    t[0] = 1; t[1] = 0; \n    printf(%d,t[t[t[t[t[0]]]]]); \n    return 0; \n}", "Options": ["the program outputs 1"]}, {"Question": "What happens if you try to compile and run this program?\n\n#include <stdio.h> \n\nint main(void) \n{ \n    int t[6]; \n    \n    printf(%d,sizeof(t) / sizeof(int)); \n    return 0; \n}", "Options": ["the program outputs 6"]}, {"Question": "What happens if you try to compile and run this program?\n\n#include <stdio.h> \n\nint main(void) \n{ \n    int t[10] = { 1, 2, 3, 4, 5, 6, 7, 8, 9, 10 }, *p = t; \n    \n    p += 2; \n    p += p[-1]; \n\n    printf(%d, *p); \n    return 0; \n}", "Options": ["the program outputs 5"]}, {"Question": "What happens if you try to compile and run this program?\n\n#include <stdio.h> \n\nint main(void)\n{ \n    char t[3]; \n    \n    printf(%d,sizeof(t) - sizeof(t[0])); \n    return 0; \n}", "Options": ["the program outputs 2"]}, {"Question": "What happens if you try to compile and run this program?\n\n#include <stdio.h> \n\nint main(void) \n{ \n    int s,i,t[] = { 0, 1, 2, 3, 4, 5 }; \n    \n    s = 1; \n    \n\tfor(i = 2; i < 6 ; i += i + 1) \n        s += t[i]; \n    \n\tprintf(%d,s); \n    return 0; \n}", "Options": ["the program outputs 8"]}, {"Question": "What happens if you try to compile and run this program?\n\n#include <stdio.h> \n#include <string.h> \n\nint main(void) \n{ \n    char s[10] = ABCDE; \n    \n    strcpy(s + 2, ABCDE); \n    printf(%d, s[0] - s[2]); \n    return 0; \n}", "Options": ["the program outputs 0"]}]