[{"Question": "What happens if you try to compile and run this program?\n\n#include <stdio.h> \n\nvoid f(int i) { \n    i++; \n} \n\nint main(void) \n{ \n    int i = 1; \n\n    f(i); \n\n    printf(%d, i); \n    return 0; \n}", "Options": ["the program outputs 1"]}, {"Question": "What happens if you try to compile and run this program?\n\n#include <stdio.h> \n\nint f(void) { \n} \n\nint main(void) { \n    int i; \n    i = f(); \n\n    printf(%d,i); \n    return 0; \n}", "Options": ["the program outputs an unpredictable value"]}, {"Question": "What happens if you try to compile and run this program?\n\n#include <stdio.h> \n#include <stdlib.h> \n\nint main(void) \n{ \n    int t[] = { 8, 4, 2, 1 }; \n    int *p = (int *)malloc(sizeof(t)); \n    int i; \n\n    for(i = 0; i < 4; i++) \n      \tp[3 - i] = t[i]; \n    printf(%d,*(p + 2)); \n    free(p); \n    return 0; \n}", "Options": ["the program outputs 4"]}, {"Question": "What happens if you try to compile and run this program?\n\n#include <stdio.h> \n\nint main(void) \n{ \n    char *p = 12345, *q = p - 10; \n    \n    printf(%d, q[14] - q[13]); \n    return 0; \n}", "Options": ["the program outputs 1"]}, {"Question": "What happens if you try to compile and run this program?\n\n#include <stdio.h> \n\nint main(void) \n{ \n    char s[] = ABCDE, *p = s + 5; \n    \n    printf(%d, p[-1] - *(p - 4)); \n    return 0; \n}", "Options": ["the program outputs 3"]}, {"Question": "What happens if you try to compile and run this program?\n\n#include <stdio.h> \n\nint main(void) \n{ \n    int t[2][2] = { 1, 2, 4, 8 }; \n\n    int s = 0, i, j; \n    \n    for(i = 2; i; i -= 2) \n      \tfor(j = 1; j < 2; j += 2) \n       \t\ts += t[i - 1][j]; \n    printf(%d,s); \n    return 0; \n}", "Options": ["the program outputs 8"]}, {"Question": "What happens if you try to compile and run this program?\n\n#include <stdio.h> \n\nint main(void) \n{ \n    int *t[10]; \n    int (*u)[10]; \n\n    printf(%d,sizeof(t) != sizeof(u)); \n    return 0; \n}", "Options": ["the program outputs 1"]}, {"Question": "What happens if you try to compile and run this program?\n\n#include <stdio.h> \n\nvoid f(int i) { \n    i++; \n} \n\nint main(void) \n{ \n    int i = 1; \n\n    f(i); \n\n    printf(%d, i); \n    return 0; \n}", "Options": ["the program outputs 1"]}, {"Question": "What happens if you try to compile and run this program?\n\n#include <stdio.h> \n#include <stdlib.h> \n\nint main(void) \n{ \n    int *p = (int *)malloc(2 * sizeof(int)); \n\n    *p = 2; \n    *(p + 1) = *(p) - 1; \n    *p = p[1]; \n\n    printf(%d,*p); \n    free(p); \n    return 0; \n}", "Options": ["the program outputs 1"]}, {"Question": "What happens if you try to compile and run this program?\n\n#include <stdio.h> \n#include <stdlib.h> \n\nint main(void) \n{ \n    int i,j; \n    int **p = (int **)malloc(2 * sizeof(int *)); \n    p[0] = (int *)malloc(2 * sizeof(int)); \n    p[1] = p[0]; \n\n    for(i = 0; i < 2; i++) \n      \tfor(j = 0; j < 2; j++) \n       \t\tp[i][j] = i + j; \n    \n\tprintf(%d,p[0][0]); \n    return 0; \n}", "Options": ["the program outputs 1"]}, {"Question": "What happens if you try to compile and run this program?\n\n#include <stdio.h> \n\nint main(void) \n{ \n    char s[10] = ABCDE, *p = s + 3; \n    \n    printf(%d, p[1] - p[-1]); \n    return 0; \n}", "Options": ["the program outputs 2"]}, {"Question": "What happens if you try to compile and run this program?\n\n#include <stdio.h> \n\nint main(void) \n{ \n    int *(t[10]); \n    int *u[10]; \n\n    printf(%d,sizeof(t) != sizeof(u)); \n    return 0; \n}", "Options": ["the program outputs 0"]}, {"Question": "What happens if you try to compile and run this program?\n\n#include <stdio.h> \n\nint f(int i) { \n    return ++i; \n} \n\nint main(void) \n{ \n    int i = 0; \n    i = f(f(i)); \n\n    printf(%d, i); \n    return 0; \n}", "Options": ["the program outputs 2"]}, {"Question": "What happens if you try to compile and run this program?\n\n#include <stdio.h> \n\nint f(int i) {\n\t++i;\n    return i; \n} \n\nint main(void) \n{ \n    int i = 1; \n    i = f(i); \n    \n\tprintf(%d,i); \n    return 0; \n}", "Options": ["the program outputs 2"]}, {"Question": "What happens if you try to compile and run this program?\n\n#include <stdio.h> \n#include <stdlib.h> \n\nint main(void) \n{ \n    int i,j; \n    int **p = (int **)malloc(2 * sizeof(int *)); \n    p[0] = (int *)malloc(2 * sizeof(int)); \n    p[1] = (int *)malloc(2 * sizeof(int)); \n\n    for(i = 0; i < 2; i++) \n      \tfor(j = 0; j < 2; j++) \n       \t\tp[i][j] = i + j; \n    printf(%d,p[0][0]); \n    return 0; \n}", "Options": ["the program outputs 0"]}, {"Question": "What happens if you try to compile and run this program?\n\nvoid f(void) { \n} \n\nint main(void) \n{ \n    int i; \n    i = f(); \n\n    printf(%d,i); \n    return 0; \n}", "Options": ["the compilation fails"]}, {"Question": "What happens if you try to compile and run this program?\n\n#include <stdio.h> \n\nint main(void) \n{ \n    int i = 0; \n    \n\t{ \n        int i = 1; \n        main.i = i; \n    } \n    \n    printf(%d,i); \n    return 0; \n}", "Options": ["the compilations fails"]}, {"Question": "What happens if you try to compile and run this program?\n\n#include <stdio.h> \n\nint main(void) \n{ \n    int t[] = { 1, 2, 3, 4, 5 }, *p = t; \n    \n    *p++; \n    (*p)++; \n    *p++; \n\n    printf(%d,p[-1]); \n    return 0; \n}", "Options": ["the program outputs 3"]}, {"Question": "What happens if you try to compile and run this program?\n\n#include <stdio.h> \n\nint main(void) \n{ \n    int t[1][2][2] = { { { 1, 2 }, { 3, 4 } } }; \n    \n\tint s = 0, i, j, k; \n    \n    for(i = 1; i > 0; i -= 2) \n        for(j = 1; j < 2; j += 2) \n        \tfor(k = 0; k < 3; k += 3) \n        \ts += t[k][i - 1][j]; \n    printf(%d,s); \n    return 0; \n}", "Options": ["the program outputs 2"]}, {"Question": "What happens if you try to compile and run this program?\n\n#include <stdio.h> \n\nint f(int i) { \n    return ++i; \n} \n\nint main(void) \n{ \n    int i = 0; \n    i = f(f(i)); \n\n    printf(%d,i); \n    return 0; \n}", "Options": ["the program outputs 2"]}]