[{"Question": "What is the value of the following integer literal?\n\n0x22", "Options": ["34"]}, {"Question": "What happens if you try to compile and run this program?\n\n#include <stdio.h> \n\nint fun() {\n    int a;\n    return ++a;\n}\n\nint main()\n{\n    printf(%d, fun());\n    return 0;\n}", "Options": ["the program outputs 1"]}, {"Question": "What happens if you try to compile and run this program?\n\n#include <stdio.h>\n\nint main(void) \n{ \n\n    int i = -1, j = 3;\n\n    for(j > 0; j; j--) \n      \ti *= 2;\n\n    printf(%d, i + j); \n    return 0; \n}", "Options": ["the program outputs -8"]}, {"Question": "What happens if you try to compile and run this program?\n\n#include <stdio.h>\n\nint main(void) \n{ \n    int i, j; \n    i = 1; j = 1; \n\n    while(i > 16) { \n      \ti += 4; \n       \tj++; \n    } \n\n    printf(%d, j); \n    return 0; \n}", "Options": ["the program outputs 1"]}, {"Question": "What is the value of the var variable at the end of the following snippet?\n\nint var;\n\nvar = 3;\nvar = var * var;\n/* var = var + var; */\n/*\nvar = var / var;\nvar = var % var;\n*/\nvar = var - 1;", "Options": ["8"]}, {"Question": "What happens if you try to compile and run this program?\n\n#include <stdio.h>\n\nint main(void) \n{ \n    int i, t[4]; \n    \n    t[3] = 0; \n\n    for(i = 1; i >= 0; i--) \n      \tt[i] = t[3] * i; \n\n    printf(%d,t[1]); \n    return 0; \n}", "Options": ["the program outputs 0"]}, {"Question": "The French language is an example of:", "Options": ["a natural language"]}, {"Question": "Which of the following is the correct way of making comments in C?", "Options": ["/* my comment */"]}, {"Question": "What happens if you try to compile and run this program?\n\n#include <stdio.h>\n#include <string.h> \n\nint main(void) \n{ \n    char s[5] = ABC; \n    \n    strcat(s + 1, ABC); \n    \n\tprintf(%d, s[0] - s[1]); \n    return 0; \n}", "Options": ["the program outputs -1"]}, {"Question": "What is the output of the following program?\n\n#include <stdio.h>\n\nint main() \n{ \n    int arr[5] = {1, 2, 3, 4, 5};\n    arr[1] = 0;\n    arr[3] = 0;\n  \n  for(int i = 0; i < 5; ++i) {\n     printf(%d , arr[i]);\n  }\n  return 0;\n  \n    return 0; \n}", "Options": ["1 0 3 0 5"]}, {"Question": "What is the output of the following program?\n\n#include <stdio.h>\n \nint main () \n{\n    int* a, b;\n    b = 1;\n    a = &b;\n    b = 2;\n    \n\tprintf(%d\\n, b);\n    printf(%d, *a);\n\n   return 0;\n}", "Options": ["2\n2"]}, {"Question": "What happens if you try to compile and run this program?\n\n#include <stdio.h>\n\nint main(void) \n{ \n    int i = 4, j = 1;\n\n    while(j > 0) {\n      \ti /= 2;\n       \tprintf(%d, i);\n    } \n\n    printf(%d, i + j); \n    return 0; \n}", "Options": ["the program enters an infinite loop and outputs a single line containing 21 followed by an infinite number of 0s"]}, {"Question": "Which of the following examples are legal ways of initializing the arr array? Select two answers.", "Options": ["int arr[3] = {1, 2, 3};", "int arr[] = {1, 2, 3};"]}, {"Question": "What is the value of the var variable after the execution of the following snippet of code:\n\nint var;\n\nvar = -1;\nvar = var + 1;\nvar = var + var;", "Options": ["the program outputs 0"]}, {"Question": "What happens if you try to compile and run this program?\n\n#include <stdio.h>\n\nint main(void)\n{ \n    int i = 1, j = 1, k = -1; \n\n    k = !i | j; \n    k = !k; \n\n    printf(%d, k); \n    return 0; \n}", "Options": ["the program outputs 0"]}, {"Question": "What is the expected output of the following program if the user provides 3 as input?\n\n#include <stdio.h>\n\nint fun(int a) {\n    int b = 1;\n    return a << b;\n}\n\nint main()\n{\n    int x;\n\n    scanf(%d, &x);\n\n    printf (%d, fun(x));\n\n    return 0;\n}", "Options": ["the program outputs 6"]}, {"Question": "What happens if you try to compile and run this program?\n\n#include <stdio.h>\n\nint fun(int a=1) {\n    return a;\n}\n\nint main() {\n    printf(%d, fun(2));\n}", "Options": ["the program causes an error"]}, {"Question": "What happens if you try to compile and run this program?\n\n#include <stdio.h>\n\nint main(void) \n{ \n    int i = 2, j = 0; \n    \n    switch(i + 5) { \n    case 1: j++; \n    case 2: j++; \n    default:j = 5; \n    case 0: j++; break; \n    } \n\n    printf(%d,j); \n    return 0; \n}", "Options": ["the program outputs 6"]}, {"Question": "What happens if you try to compile and run this program?\n\n#include <stdio.h>\n\nint main(void) \n{ \n    int i = 2, j = 1, k;\n\n    k = i >> j;\n    k <<= i;\n\n    printf(%d, k); \n    return 0; \n}", "Options": ["the program outputs 4"]}, {"Question": "What happens if you try to compile and run this program?\n\n#include <stdio.h>\n\nint main(void) \n{ \n    int i = 3;\n    int j = i - 1 / i;\n\n    switch(i - j) {\n       \tcase  1: j--;\n       \tcase  2: j++;\n       \tcase  0: j++; break;\n       \tdefault: j = -1;\n    }\n\n    printf(%d, --j); \n    return 0; \n}", "Options": ["the program outputs 3"]}, {"Question": "What is the value of the c variable at the end of the following snippet?\n\n#include >stdio.h<\n\nint main(void) \n{ \n    int a, b, c; \n\n    a = -1; \n    b = 2; \n\n    if(a) \n      \ta--; \n    if(b) \n       \tb++; \n\n    c = a * b; \n\t\n    printf(%d, c); \n    return 0; \n}", "Options": ["-6"]}, {"Question": "What is the value of the following integer literal?\n\n013", "Options": ["11"]}, {"Question": "What happens if you try to compile and run this program?\n\n#include <stdio.h>\n\nint main(void) \n{ \n    int i = -3, j = 0;\n\n    for(i++; i++; i++) \n      \tj--;\n\n    printf(%d, i - j); \n    return 0; \n}", "Options": ["the program outputs 2"]}, {"Question": "What is the output of the following program?\n\n#include <stdio.h>\n\nvoid fun(int a, int b)\n{\n    printf(%d, b);\n    printf(%d, a);\n}\nint main()\n{\n    int arr[] = {1, 2, 3, 4};\n    fun(arr[1], arr[3]); \n    return 0;\n}", "Options": ["42"]}, {"Question": "What is the value of the var variable at the end of the following snippet?\n\nint var;\n\nvar = 9;\nvar = var / 2;", "Options": ["4"]}, {"Question": "What happens if you try to compile and run this program?\n\n#include <stdio.h>\n\nint main(void) \n{ \n    int i, j, k; \n\n    i = 1; \n    j = 3; \n\n    if(j) \n       \tj--; \n    else \n       \ti++; \n    if(i) \n       \ti--; \n    else \n       \tj++; \n   \n    k = i + j; \n\n    printf(%d, k); \n    return 0; \n}", "Options": ["the program outputs 2"]}, {"Question": "Which of the following are legal variable names in the C language?\nSelect three answers.", "Options": ["MyVariableIsTheLongestvariablenameisthewholeprogram", "My_Variable", "_myVariable"]}, {"Question": "What happens if you try to compile and run this program?\n\n#include <stdio.h>\n\nint main(void) \n{ \n\n    int i = 1, j = -1; \n\n    for(;;) { \n      \ti *= 2; \n       \tj++; \n\n       \tif(i >= 16) \n        \tbreak; \n    } \n    \n\tprintf(%d,j); \n    return 0; \n}", "Options": ["the program outputs 3"]}, {"Question": "Which of the following are valid floating-point literals?\nSelect two answers.", "Options": [".1", "-0.1"]}, {"Question": "What is the expected output of the following code?\n\n#include <stdio.h>\n\nint fun(int a) {\n    return a + 1;\n}\n\nint main() \n{\n    int a = 0;\n    \n    fun(1);\n    printf(%d, a);\n}", "Options": ["0"]}]