[{"Question": "What happens if you try to compile and run this program?\n\n#include <stdio.h> \n#include <string.h> \n\nstruct Q { \n    char S[3]; \n}; \n\nstruct S { \n    struct Q Q; \n}; \n\nint main(void) { \n    struct S S = { \\0, \\0,\\0 }; \n    S.Q.S[0] = A; \n    S.Q.S[1] = B; \n\n    printf(%d,strlen(S.Q.S)); \n    return 0; \n}", "Options": ["the program outputs 2"]}, {"Question": "What happens if you try to compile and run this program?\n\n#include <stdio.h> \n\nint i = 1; \nint *f(void) { \n    return &i; \n} \n\nint main(void) { \n    int i = 0; \n    i = *f(); \n    printf(%d,i); \n    return 0; \n}", "Options": ["the program outputs 1"]}, {"Question": "What happens if you try to compile and run this program?\n\n#include <stdio.h> \n#include <string.h> \n\nstruct Q { \n    char S[3]; \n}; \n\nstruct S { \n    struct Q Q; \n}; \n\nint main(void) { \n    struct S S = { \\0, \\0,\\0 }; \n    S.Q.S[0] = A; \n    S.Q.S[2] = B; \n\n    printf(%d,strlen(S.Q.S)); \n    return 0; \n}", "Options": ["the program outputs 1"]}, {"Question": "What happens if you try to compile and run this program?\n\n#include <stdio.h> \n\nstruct S { \n    int a[2]; \n}; \n\nint main(void) { \n    struct S S[2]; \n    int i; \n    for(i = 0; i < 2; i++) \n      \tS[i].a[1-i] = 4 * !i; \n    printf(%d,S[0].a[1]); \n    return 0; \n}", "Options": ["the program outputs 4"]}, {"Question": "What happens if you try to compile and run this program?\n\n#include <stdio.h> \n\nint f(int t[][]) { \n    return t[0][0] + t[1][0]; \n} \n\nint main(void) { \n    int i,a[2][2] = { {-2,-1},{1,2} }; \n    i = f(a + 2); \n\n    printf(%d,i); \n    return 0; \n}", "Options": ["the compilation fails"]}, {"Question": "What happens if you try to compile and run this program?\n\n#include <stdio.h> \n\nstruct Q { \n    int a,b,c; \n}; \n\nstruct S { \n    int a,b,c; \n    struct Q Q; \n}; \n\nint main(void) { \n    struct Q Q = { 3,2,1 }; \n    struct S S = { 4,5,6 }; \n    S.Q = Q; \n\n    printf(%d,S.b - S.Q.b); \n    return 0; \n}", "Options": ["the program outputs 3"]}, {"Question": "What happens if you try to compile and run this program?\n\n#include <stdio.h> \n\nstruct S { \n    int S; \n}; \n\nint main(void) { \n    struct S S; \n    S.S = sizeof(struct S) / sizeof(S); \n\n    printf(%d, S.S); \n    return 0; \n}", "Options": ["the program outputs 1"]}, {"Question": "What happens if you try to compile and run this program?\n\n#include <stdio.h> \n#include <string.h> \n\nvoid f(char *s,int i) { \n    *(s + i) = \\0; \n} \n\nint main(void) { \n    char a[] = { a,b,c,d }; \n    f(a[1],1); \n\n    printf(%d,strlen(a)); \n    return 0; \n}", "Options": ["the compilation fails"]}, {"Question": "What happens if you try to compile and run this program?\n\n#include <stdio.h> \n\nstruct S { \n    char *p; \n}; \n\nint main(void) { \n    char *p = abcd; \n    struct S S[2]; \n    int i; \n    for(i = 0; i < 2; i++) \n      \tS[i].p = p + i; \n    printf(%c,S[1].p[0]); \n    return 0; \n}", "Options": ["the program outputs b"]}, {"Question": "What happens if you try to compile and run this program?\n\n#include <stdio.h> \n#include <string.h> \n\nvoid f(char *s,int i) { \n    *(s + i) = \\0; \n} \n\nint main(void) { \n    char a[] = { a,b,c,d }; \n    f(a+1,1); \n\n    printf(%d,strlen(a)); \n    return 0; \n}", "Options": ["the program outputs 2"]}, {"Question": "What happens if you try to compile and run this program?\n\n#include <stdio.h> \nint i = 2; \nint *f(void) { \n    return &i; \n} \n\nint main(void) { \n    int *i; \n    i = f(); \n\n    printf(%d,++(*i)); \n    return 0; \n}", "Options": ["the program outputs 3"]}, {"Question": "What happens if you try to compile and run this program?\n\n#include <stdio.h> \n\nstruct S { \n    int S; \n}; \n\nint f(struct S s) { \n    return --s.S; \n} \n\nint main(void) { \n    int i; \n    struct S S = { 2 }; \n    i = f(S); \n\n    printf(%d,i); \n    return 0; \n}", "Options": ["the program outputs 1"]}, {"Question": "What happens if you try to compile and run this program?\n\n#include <stdio.h> \n#include <stdlib.h> \n\nstruct S { \n    int\t  a; \n    struct S *b; \n}; \n\nint main(void) { \n    struct S *x = malloc(sizeof(struct S)); \n    struct S *y = malloc(sizeof(struct S)); \n    x >a = 2; \n    x >b = y; \n    y >a = 4; \n    y >b = x; \n \n    printf(%d,x->b->b->b->a); \n    free(x); free(y);\n    return 0; \n}", "Options": ["the program outputs 4"]}, {"Question": "What happens if you try to compile and run this program?\n\n#include <stdio.h> \n#include <stdlib.h> \n\nstruct S { \n    int\t  a; \n    struct S *b; \n}; \n\nint main(void) { \n    struct S *x = malloc(sizeof(struct S)); \n    struct S *y = malloc(sizeof(struct S)); \n    struct S *p; \n    x->a = 2; x->b = y; \n    y->a = 4; y->b = x; \n    p = x; \n    p = p >b->b->b->b; \n\n    printf(%d,p >a); \n    return 0; \n}", "Options": ["the program outputs 2"]}, {"Question": "What happens if you try to compile and run this program?\n\n#include <stdio.h> \nint f(int t[2][]) { \n    return t[0][0] + t[1][0]; \n} \n\nint main(void) { \n    int i,a[2][2] = { {-2,-1},{1,2} }; \n    i = f(a + 2); \n\n    printf(%d,i); \n    return 0; \n}", "Options": ["the compilation fails"]}, {"Question": "What happens if you try to compile and run this program?\n\n#include <stdio.h> \n\nint f(char t[]) { \n    return t[1] - t[0]; \n} \n\nint main(void) { \n    int i = 2; \n    i -= f(ABDGK + 1); \n\n    printf(%d,i); \n    return 0; \n}", "Options": ["the program outputs 0"]}, {"Question": "What happens if you try to compile and run this program?\n\n#include <stdio.h> \nint f(char t[]) { \n    return t[0] - t[-1]; \n} \n\nint main(void) { \n    int i = 2; \n    i -= f(ABDGK + 1); \n\n    printf(%d,i); \n    return 0; \n}", "Options": ["the program outputs 1"]}, {"Question": "What happens if you try to compile and run this program?\n\n#include <stdio.h> \n\nint f(int t[]) { \n    return t[0] + t[2]; \n} \n\nint main(void) { \n    int i,a[] = { -2,-1,0,1,2 }; \n    i = f(a + 2); \n\n    printf(%d,i); \n    return 0; \n}", "Options": ["the program outputs 2"]}, {"Question": "What happens if you try to compile and run this program?\n\n#include <stdio.h> \n\nint i = 0; \nint *f(int *i) { \n    (*i)++; \n    return i; \n} \n\nint main(void) { \n    int i = 1; \n    i = *f(&i); \n\n    printf(%d,i); \n    return 0; \n}", "Options": ["the program outputs 2"]}, {"Question": "What happens if you try to compile and run this program?\n\n#include <stdio.h> \n\nstruct S { \n    int S; \n}; \n\nint f(struct S *s) { \n    return --s.S; \n} \n\nint main(void) { \n    int i; \n    struct S S = { 2 }; \n    i = f(S); \n\n    printf(%d,i); \n    return 0; \n}", "Options": ["the compilation fails"]}]