[{"Question": "Unix/Linux systems treat the following file names: \n\nJohnDoe and johndoe\n\nas:", "Options": ["different file names"]}, {"Question": "What happens if you try to compile and run this program assuming that the fopen() function operation succeeds?\n\n#include <stdio.h> \n\nint main(void) { \n    char s[20]; \n    FILE *f = fopen(file, w); \n    int i = fputs(12A, f); \n    fclose(f); \n\n    f = fopen(file, r); \n    fgets(s, 20, f); \n    puts(s); \n    fclose(f); \n    return 0; \n}", "Options": ["the program outputs 12A"]}, {"Question": "What happens if you try to compile and run this program assuming that the fopen() function operation succeeds?\n\n#include <stdio.h> \n\nint main(void) { \n    FILE *f = fopen(file, w); \n    int i; \n\n    fputs(12A,f); \n    fclose(f); \n\n    f = fopen(file, r); \n    fseek(f, 0, SEEK_END); \n    i = ftell(f); \n    fclose(f); \n\n    printf(%d, i); \n    return 0; \n}", "Options": ["the program outputs 3"]}, {"Question": "What happens if you try to compile and run this program?\n\nint main(void) { \n    FILE *f; \n\n    f = fopen(file, wb); \n    printf(%d, f != NULL); \n    fclose(f); \n    return 0; \n}", "Options": ["the compilation fails"]}, {"Question": "What happens if you try to compile and run this program assuming that the fopen() function operation succeeds?\n\n#include <stdio.h> \n\nint main(void) { \n    FILE *f; \n    f = fopen(file, wb); \n\n    printf(%d, f != NULL); \n    fclose(f); \n    return 0; \n}", "Options": ["the program outputs 1"]}, {"Question": "What happens if you try to compile and run this program?\n\n#include <stdio.h> \n\nint main(void) { \n    FILE *f = fopen(file, w); \n    float f; \n\n    fputs(12A, f); \n    fclose(f); \n    f = fopen(file, r); \n    fscanf(f, %f, &f); \n    fclose(f); \n\n    printf(%f, f); \n    return 0; \n}", "Options": ["the compilation or the execution fails"]}, {"Question": "What happens if you try to compile and run this program?\n\n#include <stdio.h> \n\nint main(void) { \n    int i; \n    i = fprintf(stdin, Hello!); \n\n    printf(%d, i == EOF); \n    return 0; \n}", "Options": ["the program outputs 1"]}, {"Question": "The following string:\n\nHomeDir/HomeFile\n\nis a valid file name in:", "Options": ["Unix/Linux systems"]}, {"Question": "What happens if you try to compile and run this program?\n\n#include <stdio.h> \n\nint main(void) { \n    FILE f; \n    f = fopen(file, wb); \n\n    printf(%d, f != NULL); \n    fclose(f); \n    return 0; \n}", "Options": ["the compilation fails"]}, {"Question": "What happens if you try to compile and run this program?\n\n#include <stdio.h> \n\nint i = 0; \n\nint *f(int *i) { \n    (*i)++; \n    return i; \n} \n\nint main(void) { \n    int i = 1; \n    i = *f(&i); \n\n    printf(%d, i); \n    return 0; \n}", "Options": ["the program outputs 2"]}, {"Question": "What happens if you try to compile and run this program assuming that the fopen() function operation succeeds?\n\n#include <stdio.h> \n\nint main(void) { \n    FILE *f = fopen(file, w); \n    char c; \n\n    fputs(12A, f); \n    fclose(f); \n    f = fopen(file, r); \n    fscanf(f, %c, &c); \n    fclose(f); \n\n    printf(%c, c); \n    return 0; \n}", "Options": ["the program outputs 1"]}, {"Question": "What happens if you try to compile and run this program assuming that the fopen() function operation succeeds?\n\n#include <stdio.h> \n\nint main(void) { \n    char s[20]; \n    FILE *f = fopen(file, w); \n    int i = fputs(12A, f); \n    fclose(f); \n    \n\tf = fopen(file, r); \n    fgets(s, 2, f); \n    puts(s); \n    fclose(f); \n    return 0; \n}", "Options": ["the program outputs 1"]}, {"Question": "What happens if you try to compile and run this program assuming that the fopen() function operation succeeds?\n\n#include <stdio.h> \n\nint main(void) { \n    FILE *f = fopen(file, w); \n    int i = fputs(f, Hello!); \n\n    printf(%d, i != EOF); \n    fclose(f);\n    return 0; \n}", "Options": ["the compilation or the execution fails"]}, {"Question": "The following string:\n\nD:\\USERDIR\\johndoe.txt\n\nis a valid file name in:", "Options": ["MS Windows systems"]}, {"Question": "What happens if you try to compile and run this program assuming that the fopen() function operation succeeds?\n\n#include <stdio.h> \n\nint main(void) { \n    FILE *f = fopen(file, w); \n    int i; \n\n    fputs(12A, f); \n    fclose(f); \n    f = fopen(file, r); \n    fseek(f); \n    i = ftell(f, 0, SEEK_END); \n    fclose(f); \n\n    printf(%d, i); \n    return 0; \n}", "Options": ["the compilation or the execution fails"]}, {"Question": "What happens if you try to compile and run this program?\n\n#include <stdio.h> \n\nint main(void) { \n    int i; \n    i = fprintf(stderr, Hello!); \n\n    printf(%d, i == EOF); \n    return 0; \n}", "Options": ["the program outputs 0 to the stdout stream"]}, {"Question": "What happens if you try to compile and run this program assuming that the fopen() function operation succeeds?\n\n#include <stdio.h> \n\nint f(char t[]) { \n    return t[0] - t[-1]; \n} \n\nint main(void) { \n    int i = 2; \n    i -= f(ABDGK + 1); \n\n    printf(%d, i); \n    return 0; \n}", "Options": ["the program outputs 12"]}, {"Question": "What happens if you try to compile and run this program?\n\n#include <stdio.h> \n\nint main(void) { \n    FILE *f; \n    int i = fprintf(f, Hello!); \n\n    printf(%d, i == EOF); \n    return 0; \n}", "Options": ["the compilation or the execution fails"]}, {"Question": "The following string:\n\nJohnDoe\n\nis a valid file name in:", "Options": ["Unix/Linux and MS Windows systems"]}, {"Question": "What happens if you try to compile and run this program assuming that the fopen() function operation succeeds?\n\n#include <stdio.h> \n\nint main(void) { \n    FILE *f = fopen(file, w); \n    int i = fputs(Hello!, f); \n\n    printf(%d, i != EOF); \n    return 0; \n}", "Options": ["the program outputs 1"]}]