[{"Question": "What happens if you try to compile and run this program?\n\n#include <stdio.h> \n#define  A \n#define  C \n\nint main(void) { \n    int i = \n#ifdef A \n#ifdef B \n    -1 \n#else \n    -2 \n#endif \n#else \n    -3 \n#endif \n    ; \n\n    printf(%d, i); \n    return 0; \n}", "Options": ["the program outputs -2"]}, {"Question": "What happens if you try to compile and run this program?\n\n#include <stdio.h> \n#define  A \n#define  C \n\nint main(void) { \n    int i = \n#ifdef A \n#ifdef C \n    -1 \n#else \n    -2 \n#endif \n#else \n    -3 \n#endif \n    ; \n\n    printf(%d, i); \n    return 0; \n}", "Options": ["the program outputs -1"]}, {"Question": "What happens if you try to compile and run this program?\n\n#include <stdio.h> \n#define A(x) #x \n\nint main(void) { \n    int i = -1; \n    char *s = A(i); \n    i = -(s[0] == i); \n\n    printf(%d, i); \n    return 0; \n}", "Options": ["the program outputs -1"]}, {"Question": "What happens if you try to compile and run this program?\n\n#include <stdio.h> \n#define  B \n#define  C \n\nint main(void) { \n    int i = \n#ifdef A \n#ifdef C \n    -1 \n#else \n    -2 \n#endif \n#else \n    -3 \n#endif \n    ; \n\n    printf(%d, i); \n    return 0; \n}", "Options": ["the program outputs -3"]}, {"Question": "What happens if you try to compile and run this program?\n\n#include <stdio.h> \n#define\tALPHA -1 \n#define BETA - ALPHA \n\nint main(void) { \n    int i = ALPHA + BETA * ALPHA * BETA; \n    printf(%d, i); \n    return 0; \n}", "Options": ["the program outputs -2"]}, {"Question": "What happens if you try to compile and run this program?\n\n#include <stdio.h> \n\nint main(void) { \n    int X = 1; \n\n#define\tX 1 \n    int Y = X - 2; \n#undef X \n\n    printf(%d, Y+X); \n    return 0; \n}", "Options": ["the program outputs 0"]}, {"Question": "What happens if you try to compile and run this program?\n\n#include <stdio.h> \n#define\tALPHA(x, y) x##2-y \n\nint main(void) { \n    int i = -1; \n    int i2 = -2; \n\n    printf(%d, ALPHA(i, i2)); \n    return 0; \n}", "Options": ["the program outputs 0"]}, {"Question": "What happens if you try to compile and run this program?\n\n#include <stdio.h> \n#define\tX 1 \n#define Y 2 \n    \nint main(void) { \n    int i = \n\n#if X>>Y > 0 \n    -X \n#else \n    -Y \n#endif \n    ; \n\n    printf(%d, i); \n    return 0; \n}", "Options": ["the program outputs -2"]}, {"Question": "What happens if you try to compile and run this program?\n\n#include <stdio.h> \n#define A(x) ((x)?-1:0) \n\nint main(void) { \n    int i = 2; \n    int i2 = A(i) * i; \n    printf(%d, i2); \n    return 0; \n}", "Options": ["the program outputs -2"]}, {"Question": "What happens if you try to compile and run this program?\n\n#include <stdio.h> \n#define\tALPHA(x, y)\tx+y \n\nint main(void) { \n    int i = -1; \n    int i2 = -2; \n\n    printf(%d, -ALPHA(i, i2)); \n    return 0; \n}", "Options": ["the program outputs -1"]}, {"Question": "What happens if you try to compile and run this program?\n\n#include <stdio.h> \n#define\tALPHA(x) -x \n\nint main(void) { \n    int i = ALPHA(2-1); \n    printf(%d, i); \n    return 0; \n}", "Options": ["the program outputs -3"]}, {"Question": "What happens if you try to compile and run this program?\n\n#include <stdio.h> \n#define\tALPHA (-1-2) \n\nint main(void) { \n    int i = -1; \n    i = -i * ALPHA; \n\n    printf(%d, i); \n    return 0; \n}", "Options": ["the program outputs -3"]}, {"Question": "What happens if you try to compile and run this program?\n\n#include <stdio.h> \n#define\tALPHA -2 \n\nint main(void) { \n    int i = -1; \n    i += ALPHA; \n    \n\tprintf(%d, i); \n    return 0; \n}", "Options": ["the program outputs -3"]}, {"Question": "What happens if you try to compile and run this program?\n\n#include <stdio.h> \n#define\tALPHA\t-1-2 \n\nint main(void) { \n    int i = -1; \n    i = i * ALPHA; \n    \n\tprintf(%d, i); \n    return 0; \n}", "Options": ["the program outputs -1"]}, {"Question": "What happens if you try to compile and run this program?\n\n#include <stdio.h> \n#define\tX 1 \n#define Y 2 \n    \nint main(void) { \n    int i = \n\n#if X<<Y > 0 \n    -X \n#else \n    -Y \n#endif \n    ; \n\n    printf(%d, i); \n    return 0; \n}", "Options": ["the program outputs -1"]}, {"Question": "What happens if you try to compile and run this program?\n\n#include <stdio.h> \n#define A(x) ((x)?-1:0) \n#define B(a) !(a) \n\nint main(void) { \n    int i = 2; \n    int i2 = A(B(i)); \n\n    printf(%d, i2); \n    return 0; \n}", "Options": ["the program outputs 0"]}, {"Question": "What happens if you try to compile and run this program?\n\n#include <stdio.h> \n#define\tALPHA(x)\t2*-x \n\nint main(void) { \n    int i = ALPHA((1-1)); \n\n    printf(%d, i); \n    return 0; \n}", "Options": ["the program outputs 0"]}, {"Question": "What happens if you try to compile and run this program?\n\n#include <stdio.h> \n#define\tALPHA(x) 2*-x \n\nint main(void) { \n    int i = ALPHA(1-1); \n\n    printf(%d, i); \n    return 0; \n}", "Options": ["the program outputs -3"]}, {"Question": "What happens if you try to compile and run this program?\n\n#include <stdio.h> \n#define\tALPHA -1+2 \n\nint main(void) { \n    int i = -1; \n    i += ALPHA; \n\n    printf(%d, i); \n    return 0; \n}", "Options": ["the program outputs 0"]}, {"Question": "What happens if you try to compile and run this program?\n\n#include <stdio.h> \n\nint main(void) { \n#undef X \n    int X = 1; \n    int Y = X - 2; \n\n#define\tX -2 \n    printf(%d,Y+X); \n    return 0; \n}", "Options": ["the program outputs -3"]}]